Date,Open,High,Low,Close,Volume
25-Oct-17,986.27,994.43,977.72,991.46,1395282
24-Oct-17,986.5,989.26,977.08,988.49,1445129
23-Oct-17,1005.18,1005.79,983.1,985.54,1639294
20-Oct-17,1007.05,1008.65,1002.27,1005.07,1606031
19-Oct-17,1004.75,1007.32,997.3,1001.84,1714243
18-Oct-17,1011.05,1016.31,1005.32,1012.74,1279780
17-Oct-17,1007.44,1014.56,1006.05,1011,1012998
16-Oct-17,1009.63,1012,1001.52,1009.35,1071023
13-Oct-17,1009.11,1014.76,1007.06,1007.87,1327632
12-Oct-17,1003.84,1011.54,1001.1,1005.65,1530664
11-Oct-17,989.04,1007.56,987.94,1005.65,1814999
10-Oct-17,995.3,997.47,981.11,987.8,1163400
09-Oct-17,995,1000.46,991.5,992.31,1295467
06-Oct-17,980,994.26,978.51,993.64,1553033
05-Oct-17,972.79,986.51,970.27,985.19,1780946
04-Oct-17,971.76,974.4,965.61,966.78,1057769
03-Oct-17,967.56,972.44,962.7,972.08,1083948
02-Oct-17,975.65,977.74,961.95,967.47,1539122
29-Sep-17,966,975.81,966,973.72,2031092
28-Sep-17,956.25,966.18,955.55,964.81,1400931
27-Sep-17,942.74,965.43,941.95,959.9,2327854
26-Sep-17,936.69,944.08,935.12,937.43,1672749
25-Sep-17,939.45,939.75,924.51,934.28,1873375
22-Sep-17,942.77,950,940.84,943.26,1074806
21-Sep-17,948.13,952.8,939.38,947.55,1370685
20-Sep-17,937.73,950,937.5,947.54,2004018
19-Sep-17,933.41,937.94,926.66,936.86,1242726
18-Sep-17,935.01,936.86,925.4,929.75,1473651
15-Sep-17,940.09,941.75,931.25,935.29,1994265
14-Sep-17,946,948.03,938.36,940.13,1427379
13-Sep-17,945.5,952.85,944.74,950.44,1095382
12-Sep-17,946.92,948.08,937.5,946.65,1284787
11-Sep-17,947.2,952.68,941,943.29,1337365
08-Sep-17,949.7,950.7,940.01,941.41,999916
07-Sep-17,944.25,950.5,937.53,949.89,1116575
06-Sep-17,943.87,944.5,932.68,942.02,1391529
05-Sep-17,946.86,951.39,935.6,941.48,1460830
01-Sep-17,957.47,958.33,950.28,951.99,1042885
31-Aug-17,946.3,957.2,946.25,955.24,1693313
30-Aug-17,935.67,945.86,934.05,943.63,1120342
29-Aug-17,919.95,938.19,919.31,935.75,1158576
28-Aug-17,931.88,934.85,926.11,928.13,1049397
25-Aug-17,939.21,940.73,930.1,930.5,1187313
24-Aug-17,943.71,946.31,930.74,936.89,1294559
23-Aug-17,937,945.42,935.24,942.58,1134464
22-Aug-17,926.96,941.96,926.17,940.4,1775099
21-Aug-17,925.77,928.25,918.6,920.87,1301243
18-Aug-17,926.98,931.02,923.45,926.18,1337404
17-Aug-17,942.95,943.81,927.64,927.66,1695694
16-Aug-17,941.25,949.9,940.04,944.27,1345261
15-Aug-17,941.03,943.07,936.64,938.08,1106484
14-Aug-17,939.07,941.04,934.48,938.93,1150612
11-Aug-17,923.71,933.36,921.22,930.09,1616708
10-Aug-17,935,936.3,921.78,923.59,2707393
09-Aug-17,938.45,943.76,933.92,940.08,1400852
08-Aug-17,944.29,952.49,942.48,944.19,1505064
07-Aug-17,947.52,948.96,943.5,945.75,1445754
04-Aug-17,943.95,947.54,939.8,945.79,1254574
03-Aug-17,949.1,950,939.44,940.3,1123921
02-Aug-17,948.37,949.1,932.52,947.64,2039418
01-Aug-17,947.81,954.49,944.96,946.56,1332456
31-Jul-17,960,961.19,941.72,945.5,2293389
28-Jul-17,947.99,961.79,945.31,958.33,1813794
27-Jul-17,969.18,969.52,937.06,952.51,3717900
26-Jul-17,972.78,973.95,960.23,965.31,2221625
25-Jul-17,970.7,976.73,963.8,969.03,5933602
24-Jul-17,994.1,1006.19,990.27,998.31,3984532
21-Jul-17,989,995.11,984.17,993.84,1463322
20-Jul-17,997,998.68,984.62,992.19,1418385
19-Jul-17,990.01,995.6,987.01,992.77,1412148
18-Jul-17,973.36,990.85,972.04,986.95,1413335
17-Jul-17,976.32,983.35,970.8,975.96,1660464
14-Jul-17,974,977.54,970.15,976.91,1079608
13-Jul-17,970.8,978.7,964.8,968.85,1524571
12-Jul-17,960.86,969.63,957.04,967.66,1602115
11-Jul-17,950.52,954.89,945.12,953.53,1461247
10-Jul-17,941.95,953.13,941.95,951,1451460
07-Jul-17,930.98,944.66,929.79,940.81,1663302
06-Jul-17,925,936.14,919.85,927.69,2014855
05-Jul-17,924.2,936.29,918.63,932.26,2094055
03-Jul-17,933.22,934.24,915.31,919.46,1694811
30-Jun-17,943.99,945,929.61,929.68,2287662
29-Jun-17,951.35,951.66,929.6,937.82,3206674
28-Jun-17,950.66,963.24,936.16,961.01,2745568
27-Jun-17,961.6,967.22,947.09,948.09,2443602
26-Jun-17,990,993.99,970.33,972.09,1517912
23-Jun-17,975.5,986.62,974.46,986.09,1563985
22-Jun-17,976.87,980.5,973.31,976.62,1009476
21-Jun-17,970.79,979.67,969.16,978.59,1161607
20-Jun-17,975.31,980.79,968.2,968.99,1297287
19-Jun-17,969.65,979.3,968.2,975.22,1468837
16-Jun-17,957.91,959.95,948.7,958.62,2559207
15-Jun-17,948.02,960.68,940.37,960.18,2427639
14-Jun-17,975.5,979.7,959.51,967.93,1505486
13-Jun-17,972.04,977.91,962.01,970.5,2005356
12-Jun-17,958.72,968,936.8,961.81,4202109
09-Jun-17,1005.49,1005.5,953.37,970.12,3647857
08-Jun-17,1004.23,1005.6,996.62,1004.28,1687925
07-Jun-17,998.82,1003.91,995.81,1001.59,1374097
06-Jun-17,1003.31,1008.61,994.8,996.68,1552114
05-Jun-17,997.89,1007.4,995.45,1003.88,1378916
02-Jun-17,988.59,996.48,987.07,996.12,1735469
01-Jun-17,990.96,993.14,981.29,988.29,1306384
31-May-17,996.21,999.6,981.68,987.09,1724095
30-May-17,992.5,997.62,991.36,996.17,1516685
26-May-17,992,996.39,987.36,993.27,1636416
25-May-17,979,995.78,977.82,991.86,1954149
24-May-17,975.26,978.12,971.63,977.61,1142488
23-May-17,969.96,974.51,964.5,970.55,1545421
22-May-17,957,964.82,956.56,964.07,1387392
19-May-17,952.82,959.56,952,954.65,1360299
18-May-17,943.2,954.18,941.27,950.5,1800465
17-May-17,959.7,960.99,940.06,942.17,2449058
16-May-17,963.55,965.9,960.35,964.61,1101544
15-May-17,955.29,962.7,952.82,959.22,1337697
12-May-17,957.85,957.98,952.06,955.14,1214851
11-May-17,951.29,957.99,948.61,955.89,1031093
10-May-17,956.22,956.71,949.84,954.84,1145969
09-May-17,961.33,962.2,954.4,956.71,1687942
08-May-17,947.45,960.99,947.4,958.69,1876690
05-May-17,956.72,958.44,948.1,950.28,1615548
04-May-17,950.29,959.14,947.37,954.72,1938260
03-May-17,936.05,950.2,935.21,948.45,1824759
02-May-17,933.27,942.98,931,937.09,1751292
01-May-17,924.15,935.82,920.8,932.82,2327782
28-Apr-17,929,935.9,923.22,924.52,3845857
27-Apr-17,890,893.38,887.18,891.44,2342303
26-Apr-17,891.39,892.99,885.15,889.14,1323297
25-Apr-17,882.26,892.25,879.28,888.84,2038032
24-Apr-17,868.44,879.96,866.11,878.93,1696483
21-Apr-17,860.62,862.44,857.73,858.95,1172870
20-Apr-17,859.74,863.93,857.5,860.08,1188843
19-Apr-17,857.38,860.2,853.53,856.51,1080336
18-Apr-17,852.54,857.39,851.25,853.99,936201
17-Apr-17,841.38,855.64,841.03,855.13,1049125
13-Apr-17,841.04,843.73,837.85,840.18,1073650
12-Apr-17,838.46,843.72,837.59,841.46,1135775
11-Apr-17,841.7,844.63,834.6,839.88,974343
10-Apr-17,841.54,846.74,840.79,841.7,1046215
07-Apr-17,845,845.88,837.3,842.1,1111610
06-Apr-17,849.5,853.59,844,845.1,1533564
05-Apr-17,854.71,860.59,847.52,848.91,1855153
04-Apr-17,848,853,847.5,852.57,1348494
03-Apr-17,848.75,859,847.53,856.75,1969402
31-Mar-17,846.83,849.56,845.24,847.8,1440982
30-Mar-17,851.98,852,846.77,849.48,949398
29-Mar-17,842.75,851.58,841.38,849.87,1457347
28-Mar-17,839.69,845.4,832.26,840.63,1519202
27-Mar-17,828.09,841.38,824.3,838.51,1935211
24-Mar-17,842,844,829.1,835.14,2105682
23-Mar-17,841.39,841.69,833,839.65,3287669
22-Mar-17,849.48,855.35,847,849.8,1366749
21-Mar-17,870.06,873.47,847.69,850.14,2537978
20-Mar-17,869.48,870.34,864.66,867.91,1542199
17-Mar-17,873.68,874.42,868.37,872.37,1868252
16-Mar-17,870.53,872.71,867.52,870,1104452
15-Mar-17,867.94,869.88,861.3,868.39,1332885
14-Mar-17,863.75,867.58,860.13,865.91,1061692
13-Mar-17,860.83,867.13,860.82,864.58,1166605
10-Mar-17,862.7,864.23,857.61,861.4,1336585
09-Mar-17,853.69,860.71,852.67,857.84,1347697
08-Mar-17,853.12,856.93,851.25,853.64,1029834
07-Mar-17,847.26,853.33,845.52,851.15,1038696
06-Mar-17,846.86,848.94,841.17,847.27,1047872
03-Mar-17,848.94,850.82,844.7,849.08,1006612
02-Mar-17,856.31,856.49,848.72,849.85,1250938
01-Mar-17,851.38,858,849.02,856.75,1818671
28-Feb-17,847.35,848.83,841.44,844.93,1383119
27-Feb-17,844.95,850.67,843.01,849.67,1010333
24-Feb-17,847.65,848.36,842.96,847.81,1346189
23-Feb-17,851.08,852.62,842.5,851,1386681
22-Feb-17,848,853.79,846.71,851.36,1224889
21-Feb-17,847.99,852.2,846.55,849.27,1261062
17-Feb-17,841.31,846.94,839.78,846.55,1461210
16-Feb-17,838.5,842.69,837.26,842.17,1005084
15-Feb-17,838.81,841.77,836.22,837.32,1357185
14-Feb-17,839.77,842,835.83,840.03,1363345
13-Feb-17,837.7,841.74,836.25,838.96,1295708
10-Feb-17,832.95,837.15,830.51,834.85,1415128
09-Feb-17,831.73,831.98,826.5,830.06,1194238
08-Feb-17,830.53,834.25,825.11,829.88,1302225
07-Feb-17,825.5,831.92,823.29,829.23,1666605
06-Feb-17,820.92,822.39,814.29,821.62,1350875
03-Feb-17,823.13,826.13,819.35,820.13,1528095
02-Feb-17,815,824.56,812.05,818.26,1689179
01-Feb-17,824,824,812.25,815.24,2251047
31-Jan-17,819.5,823.07,813.4,820.19,2020180
30-Jan-17,837.06,837.23,821.03,823.83,3516933
27-Jan-17,859,867,841.9,845.03,3752497
26-Jan-17,859.05,861,850.52,856.98,3493251
25-Jan-17,853.55,858.79,849.74,858.45,1662148
24-Jan-17,846.98,851.52,842.28,849.53,1688375
23-Jan-17,831.61,845.54,828.7,844.43,2457377
20-Jan-17,829.09,829.24,824.6,828.17,1306183
19-Jan-17,829,833,823.96,824.37,1070454
18-Jan-17,829.8,829.81,824.08,829.02,1027698
17-Jan-17,830,830.18,823.2,827.46,1440905
13-Jan-17,831,834.65,829.52,830.94,1290182
12-Jan-17,828.38,830.38,821.01,829.53,1350308
11-Jan-17,826.62,829.9,821.47,829.86,1325394
10-Jan-17,827.07,829.41,823.14,826.01,1197442
09-Jan-17,826.37,830.43,821.62,827.18,1408924
06-Jan-17,814.99,828.96,811.5,825.21,2017097
05-Jan-17,807.5,813.74,805.92,813.02,1340535
04-Jan-17,809.89,813.43,804.11,807.77,1515339
03-Jan-17,800.62,811.44,796.89,808.01,1959033
30-Dec-16,803.21,803.28,789.62,792.45,1735879
29-Dec-16,802.33,805.75,798.14,802.88,1057392
28-Dec-16,813.33,813.33,802.44,804.57,1214756
27-Dec-16,808.68,816,805.8,809.93,975962
23-Dec-16,808.01,810.97,805.11,807.8,765537
22-Dec-16,809.1,811.07,806.03,809.68,1132119
21-Dec-16,815.72,815.72,805.1,812.2,1459628
20-Dec-16,813.37,816.49,811,815.2,1271883
19-Dec-16,809.28,816.22,804.5,812.5,1263581
16-Dec-16,818.31,819.2,808.12,809.84,2598866
15-Dec-16,817.36,823,812,815.65,1769719
14-Dec-16,815.92,824.26,812.78,817.89,1799654
13-Dec-16,812.39,824.3,811.94,815.34,2128210
12-Dec-16,804.82,811.35,804.53,807.9,1628602
09-Dec-16,799.3,809.95,798.05,809.45,1904463
08-Dec-16,792.95,799,787.9,795.17,1612531
07-Dec-16,779.95,792,773.53,791.47,2029415
06-Dec-16,780.19,785.28,773.32,776.18,1734099
05-Dec-16,770,780,766.97,778.22,1688473
02-Dec-16,761.9,770.5,759,764.46,1718846
01-Dec-16,778.55,778.6,753.36,764.33,2867074
30-Nov-16,789.1,791.51,773.14,775.88,2279054
29-Nov-16,788.38,796.44,785.34,789.44,1561981
28-Nov-16,778.35,799.74,778.1,785.79,2575432
25-Nov-16,782.61,782.9,778.19,780.23,613549
23-Nov-16,789.52,789.52,772.65,779,1312981
22-Nov-16,788.99,793.77,783.74,785,1394174
21-Nov-16,778.1,786.55,776.3,784.8,1630835
18-Nov-16,787.17,791.29,775.35,775.97,1806264
17-Nov-16,782.5,788.9,779.85,786.16,1533679
16-Nov-16,770.42,783.5,766.33,779.98,1798360
15-Nov-16,765.47,780.24,765.22,775.16,2943889
14-Nov-16,771.76,771.78,743.59,753.22,3688274
11-Nov-16,776.81,777.29,765.54,771.75,3592641
10-Nov-16,810,810.06,768.23,780.29,5909609
09-Nov-16,801.83,811.71,792.04,805.59,3098510
08-Nov-16,802.03,816.04,799.62,811.98,1769069
07-Nov-16,794.95,805,792.9,802.03,1992570
04-Nov-16,771.3,788.48,771,781.1,1970603
03-Nov-16,784.5,790,778.63,782.19,2175216
02-Nov-16,806.76,806.76,785,788.42,2350736
01-Nov-16,810.87,813.96,798.26,805.48,2355890
31-Oct-16,822.43,822.63,808,809.9,2242679
28-Oct-16,829.94,839,817,819.56,4354884
27-Oct-16,823.01,826.58,814.61,817.35,2973486
26-Oct-16,827.12,827.71,816.35,822.1,1794868
25-Oct-16,838.5,838.5,825.3,828.55,1890712
24-Oct-16,830.09,837.94,829.04,835.74,1447616
21-Oct-16,820,824.29,818.31,824.06,1615814
20-Oct-16,827.56,828.46,820.55,821.63,1393870
19-Oct-16,824.52,829.81,823.2,827.09,1500142
18-Oct-16,814.21,828.81,813.33,821.49,2289265
17-Oct-16,805.99,813.49,803.83,806.84,1056367
14-Oct-16,807.45,810.09,802.32,804.6,1111934
13-Oct-16,806.07,806.56,798.62,804.08,1368981
12-Oct-16,811.96,814.5,808.55,811.77,907876
11-Oct-16,814.17,819.86,807.37,809.57,1721575
10-Oct-16,803.93,817.38,802.24,814.17,1496115
07-Oct-16,805.93,805.94,796.82,800.71,1163899
06-Oct-16,804.08,806.94,800.51,803.08,1099909
05-Oct-16,806,808.5,800.71,801.23,1213820
04-Oct-16,805,806.5,799.67,802.79,1258706
03-Oct-16,802.55,803.54,796.23,800.38,1489212
30-Sep-16,803.6,808.09,801.5,804.06,1660201
29-Sep-16,807.23,813.91,800.86,802.64,1349974
28-Sep-16,804.08,810.25,802.78,810.06,1470280
27-Sep-16,801.83,813.49,801.83,810.73,1367271
26-Sep-16,809.82,810.08,800.45,802.65,1472732
23-Sep-16,815.14,817,812.73,814.96,1411673
22-Sep-16,810,819.06,807.71,815.95,1759290
21-Sep-16,801.26,805.91,796.03,805.03,1348476
20-Sep-16,800,802.75,798.26,799.78,1050041
19-Sep-16,801.11,803.99,793.56,795.39,1149522
16-Sep-16,799.02,799.02,793.62,797.97,2130571
15-Sep-16,790.01,803.64,788.66,801.23,1566360
14-Sep-16,787.53,796.33,787.53,790.46,1313912
13-Sep-16,794.01,795.79,784.33,788.72,1809044
12-Sep-16,784.52,800.17,783.5,798.82,1863737
09-Sep-16,798.77,801.75,788.05,788.48,1887633
08-Sep-16,805.22,808.42,801.01,802.84,1177660
07-Sep-16,807.93,810.6,803.72,807.99,1145724
06-Sep-16,798.39,810.89,795.43,808.02,1989537
02-Sep-16,795.27,797.1,793.26,796.87,1347368
01-Sep-16,791.98,792.89,786.33,791.4,1303460
31-Aug-16,789.6,791.57,787.2,789.85,1071420
30-Aug-16,792.88,798,789.47,791.92,1167413
29-Aug-16,793.05,798.52,790.32,795.82,773698
26-Aug-16,792.49,799.4,789.41,793.22,1248881
25-Aug-16,792,794.72,787.23,791.3,1202680
24-Aug-16,796.86,798.46,790.76,793.6,1284437
23-Aug-16,800.48,801,795.99,796.59,917513
22-Aug-16,798.51,799.3,794.33,796.95,853365
19-Aug-16,799.79,801.23,796.88,799.65,1120763
18-Aug-16,805.36,808,801.63,802.75,865160
17-Aug-16,800,805.63,796.3,805.42,1066070
16-Aug-16,803.5,804.26,797,801.19,1057897
15-Aug-16,807.21,811.36,804.03,805.96,930074
12-Aug-16,805.09,807.19,803.64,807.05,897283
11-Aug-16,810.47,813.88,806,808.2,1282274
10-Aug-16,807.05,810.88,806.49,808.49,918514
09-Aug-16,804.49,813.33,804.06,807.48,1607685
08-Aug-16,806,807.6,801.69,805.23,1221609
05-Aug-16,800.11,807.22,797.81,806.93,1807271
04-Aug-16,798.24,800.2,793.92,797.25,1076031
03-Aug-16,796.47,799.54,793.02,798.92,1461025
02-Aug-16,797.33,802.32,794.53,800.12,1996354
01-Aug-16,786.67,807.49,785.04,800.94,3029658
29-Jul-16,797.71,803.94,790,791.34,5090527
28-Jul-16,768.84,768.97,759.09,765.84,3673221
27-Jul-16,758.97,764.45,755.93,761.97,1608589
26-Jul-16,757.52,759.26,752.75,757.65,1189573
25-Jul-16,757.68,759.82,754.07,757.52,1073310
22-Jul-16,757.32,759.45,752.66,759.28,1046024
21-Jul-16,757,758.15,751.52,754.41,953053
20-Jul-16,754.05,760.64,754.05,757.08,1125117
19-Jul-16,749.87,756.59,748.49,753.41,1521795
18-Jul-16,737.91,755.14,736.51,753.2,1934900
15-Jul-16,741,741,734.64,735.63,1617087
14-Jul-16,733.94,736.14,730.59,735.8,1070351
13-Jul-16,735.52,735.52,729.02,729.48,1021827
12-Jul-16,731.92,735.6,727.5,732.51,1328680
11-Jul-16,719.42,728.93,718.86,727.2,1441113
08-Jul-16,710.56,717.9,708.11,717.78,1497323
07-Jul-16,710.11,710.17,700.67,707.26,1058698
06-Jul-16,699.84,713,699,708.97,1445126
05-Jul-16,705.01,708.12,699.13,704.89,1422028
01-Jul-16,705.1,712.53,703.73,710.25,1549160
30-Jun-16,697.65,703.77,694.9,703.53,2112513
29-Jun-16,694.26,699.5,692.68,695.19,2156218
28-Jun-16,691.37,692.74,684.85,691.26,1912280
27-Jun-16,682.49,683.32,672.66,681.14,2919486
24-Jun-16,690.17,705,684.91,685.2,4771780
23-Jun-16,710.55,714.88,700.25,714.87,2125028
22-Jun-16,714.05,714.21,705.88,710.47,1452884
21-Jun-16,710.05,715.38,704.66,708.88,1515918
20-Jun-16,710.31,715.87,705.41,706.13,2282725
17-Jun-16,721.39,721.39,701.12,704.25,4113085
16-Jun-16,727.96,730.39,715.54,724.25,2250083
15-Jun-16,734.92,737.15,731.31,732.19,1161701
14-Jun-16,729.31,736,726.5,733.25,1329176
13-Jun-16,729.82,739,729.82,731.88,1167736
10-Jun-16,735.95,739.64,730.51,733.19,1452456
09-Jun-16,737.07,743.93,736.5,742.52,958963
08-Jun-16,739.5,743.81,735.76,742.93,1615727
07-Jun-16,733.27,736.71,730.8,731.09,1215741
06-Jun-16,738.5,738.5,728.29,730.06,1499648
03-Jun-16,741.49,741.49,733.91,735.86,1230376
02-Jun-16,746.1,747.3,737,744.27,1695824
01-Jun-16,748.47,751.37,744.34,748.46,1039847
31-May-16,748.76,753.48,745.57,748.85,2124248
27-May-16,737.51,747.91,737.01,747.6,1738913
26-May-16,736,741.1,733,736.93,1298295
25-May-16,735,739.89,732.6,738.1,1610773
24-May-16,719.85,734.2,719.64,733.03,1890195
23-May-16,719.98,723.5,716.94,717.25,1233407
20-May-16,716.46,727.7,715.01,721.71,1722506
19-May-16,718.3,720.5,710.3,715.31,1495741
18-May-16,718.5,725.57,715.02,721.78,1620691
17-May-16,731.06,735.85,718,720.19,1667998
16-May-16,724.32,732.68,720,730.3,1124220
13-May-16,726.62,731.29,723.51,724.83,1241301
12-May-16,732,735.37,724.27,728.07,1352779
11-May-16,740.52,740.8,727.9,730.55,1484998
10-May-16,734.96,740,731.61,739.38,1627899
09-May-16,726.7,734.29,723.5,729.13,1898866
06-May-16,712.2,725.99,711.95,725.18,1982458
05-May-16,715,717.55,709.45,714.71,1479828
04-May-16,706.77,715.05,704.05,711.37,1610174
03-May-16,712.5,713.37,707.33,708.44,1922797
02-May-16,711.92,715.41,706.36,714.41,1672285
29-Apr-16,704.12,712.11,703.78,707.88,2906358
28-Apr-16,723.29,729.26,703.2,705.06,3114203
27-Apr-16,725.32,727.15,709.08,721.46,3289534
26-Apr-16,744.42,745.59,720.32,725.37,2754324
25-Apr-16,735.35,744.88,735.1,742.21,2469163
22-Apr-16,743.91,753.92,730.37,737.77,6978506
21-Apr-16,777.31,781.68,771.55,780,3326803
20-Apr-16,779.16,779.66,771.27,774.92,1706231
19-Apr-16,790.5,790.95,770.27,776.25,2191366
18-Apr-16,780.19,788.55,777.61,787.68,1669701
15-Apr-16,775.5,780.93,774.93,780,1555865
14-Apr-16,775.36,779.61,773.22,775.39,1348011
13-Apr-16,770.31,775.75,764.59,771.91,1768980
12-Apr-16,758.43,764.92,751.56,764.32,1366559
11-Apr-16,765.45,767.22,757.34,757.54,1584036
08-Apr-16,765.87,767.13,755.77,759.47,1171738
07-Apr-16,765.32,769.36,757.5,760.12,1254028
06-Apr-16,757.84,768.42,756.3,768.07,1257118
05-Apr-16,758.13,762.87,755.6,758.57,1222147
04-Apr-16,769.51,772.44,761.78,765.12,1343934
01-Apr-16,757.16,770.04,755.2,769.67,1581222
31-Mar-16,768.34,769.08,758.25,762.9,1623821
30-Mar-16,768.21,777.31,767.58,768.34,2017229
29-Mar-16,753.68,767.18,748.29,765.89,1987121
28-Mar-16,756.17,758.3,752.04,753.28,1082515
24-Mar-16,751.2,757.56,750.5,754.84,1528469
23-Mar-16,763.35,765.39,756.03,757.56,1224825
22-Mar-16,758.44,765,757.88,760.05,1103115
21-Mar-16,753.91,763.34,751.27,762.16,1435734
18-Mar-16,761.63,762.14,751.82,755.41,2811069
17-Mar-16,757.65,765.34,757.36,758.48,2227322
16-Mar-16,749.05,759,746.5,757.36,1447671
15-Mar-16,746.02,753.01,742.84,750.57,1491578
14-Mar-16,744.97,754.26,743.66,750.24,1639483
11-Mar-16,739.95,744.9,736.7,744.87,1727331
10-Mar-16,727.79,736.54,723.29,732.17,2228566
09-Mar-16,715.16,726.24,712.66,725.41,1954640
08-Mar-16,708.39,722.25,704,713.53,2537925
07-Mar-16,725.15,727.21,705.14,712.8,3084522
04-Mar-16,734.8,735,725.62,730.22,2421300
03-Mar-16,739.48,741,729.63,731.59,2025353
02-Mar-16,742.87,743.12,733.25,739.48,1781343
01-Mar-16,721.3,742.33,718.64,742.17,3001329
29-Feb-16,721,730.6,716.84,717.22,2237474
26-Feb-16,733.6,736.16,721.94,724.86,2120631
25-Feb-16,722.93,729.51,713.23,729.12,1798643
24-Feb-16,710.61,721.22,702.02,720.9,1833671
23-Feb-16,726.1,730.9,715.67,717.29,2053583
22-Feb-16,729.51,734.84,723.45,729.05,1850912
19-Feb-16,715.9,724.03,713.12,722.11,1721784
18-Feb-16,733.96,736,715.55,717.51,2330509
17-Feb-16,727,733.76,716.61,731.97,2437275
16-Feb-16,718.65,722.88,710.18,717.64,2151167
12-Feb-16,712.21,716,701.58,706.89,2317193
11-Feb-16,696.34,712.32,691.19,706.36,3227256
10-Feb-16,711.79,723.22,705.39,706.85,3011661
09-Feb-16,692.95,720.96,688.5,701.02,4197924
08-Feb-16,687.68,704.52,682.01,704.16,4438257
05-Feb-16,725.5,726.72,700.14,703.76,5444953
04-Feb-16,744.59,745.24,722.6,730.03,5214827
03-Feb-16,786.28,791.43,736.26,749.38,6543977
02-Feb-16,800.5,810.35,780.6,780.91,6776535
01-Feb-16,771.26,777.59,761.38,770.77,5102641
29-Jan-16,748.96,765.1,744.2,761.35,3759222
28-Jan-16,738.19,751.16,730.6,748.3,3093589
27-Jan-16,735.89,735.89,713.45,717.58,2082928
26-Jan-16,735.21,739.46,726.97,733.79,1543054
25-Jan-16,743.84,752.46,732.5,733.62,2259778
22-Jan-16,742,748.56,740.5,745.46,2350965
21-Jan-16,720.17,737.67,711.11,726.67,2594281
20-Jan-16,705.9,726.95,687.78,718.56,4114182
19-Jan-16,720.15,725.35,709.85,719.08,2408193
15-Jan-16,709.99,724.16,701.51,710.49,3777815
14-Jan-16,724.44,739.89,705,731.39,2755725
13-Jan-16,749.34,753,716.78,719.57,2554586
12-Jan-16,740.75,748.34,736.43,745.34,2340753
11-Jan-16,731.95,735.08,719.56,733.07,2544806
08-Jan-16,747.8,750.12,728.92,730.91,2375348
07-Jan-16,746.49,755.31,735.28,741,3156563
06-Jan-16,750.37,765.73,748,759.33,2410301
05-Jan-16,764.1,769.2,755.65,761.53,2260795
04-Jan-16,762.2,762.2,747.54,759.44,3352912
31-Dec-15,787.82,788.33,777.32,778.01,1637561
30-Dec-15,793.96,796.46,787.2,790.3,1428280
29-Dec-15,786.99,798.69,786.2,793.96,1921480
28-Dec-15,770,782.82,767.73,782.24,1557755
24-Dec-15,768.52,769.2,764.39,765.84,521141
23-Dec-15,770.69,771.9,757.65,768.51,1529742
22-Dec-15,764.27,770.34,761.2,767.13,1816935
21-Dec-15,763.05,766.35,754.15,760.8,1742368
18-Dec-15,767.23,774.14,756.59,756.85,3389702
17-Dec-15,781.16,781.59,769.3,769.83,1825538
16-Dec-15,766.57,781.5,757.04,776.59,2656010
15-Dec-15,767.79,774.75,758,760.09,2469319
14-Dec-15,751.26,764.15,736.26,762.54,2693160
11-Dec-15,749,757.44,748.65,750.42,2159164
10-Dec-15,763.59,766.07,755,760.04,1622940
09-Dec-15,771.1,776.09,752.01,762.55,2327471
08-Dec-15,764.5,778.65,762.52,775.14,1554121
07-Dec-15,780.06,781,766.72,772.99,1831287
04-Dec-15,769.71,782.42,765.51,779.21,2489998
03-Dec-15,780.56,784.48,762.45,768.2,2097494
02-Dec-15,785.25,793.05,776.43,777.85,2333578
01-Dec-15,766.94,785,765.95,783.79,2014110
30-Nov-15,771.87,775.03,761.12,762.85,1597322
27-Nov-15,769.16,774,767,771.97,722319
25-Nov-15,771.69,773,766.53,769.26,1180643
24-Nov-15,772.96,775.99,758.11,769.63,2361490
23-Nov-15,777.47,782.9,773.51,776.7,1730626
20-Nov-15,769.3,779.32,764.1,777,2766452
19-Nov-15,759.78,763.23,757.23,759.94,1401779
18-Nov-15,749.57,761.1,747.39,760.01,1798877
17-Nov-15,752.47,754.95,744.05,745.98,1925901
16-Nov-15,740.21,751.71,734.33,750.42,2519424
13-Nov-15,754.04,755.33,739.47,740.07,2374561
12-Nov-15,760.18,765.8,755.86,756.53,1604146
11-Nov-15,762.38,769.08,759.75,765.25,2093287
10-Nov-15,753.48,760.6,748.41,758.26,1477669
09-Nov-15,758.52,763.3,749.11,754.77,1775525
06-Nov-15,759.39,763.02,755.03,761.6,1673013
05-Nov-15,758.81,766.35,757.47,760.67,2271675
04-Nov-15,749.9,759.9,749.2,755.31,2083374
03-Nov-15,745.43,751.7,741.16,748.82,1807488
02-Nov-15,734.53,748.18,731.45,747.74,1980977
30-Oct-15,745.56,746.31,736.53,737.39,1991811
29-Oct-15,736.63,746.79,735.16,744.85,1822826
28-Oct-15,733,737.37,727.27,736.92,1964310
27-Oct-15,726.57,735.96,724.14,732.82,1923970
26-Oct-15,720.02,734.95,720.02,731.12,2402045
23-Oct-15,750.06,752.5,717.94,719.33,6307414
22-Oct-15,675.44,688.05,671.7,681.14,4132551
21-Oct-15,683.21,684.9,670.7,671.8,1597571
20-Oct-15,697.89,698,673.68,680,2613344
19-Oct-15,694,700.24,692.21,699.95,1494286
16-Oct-15,695.4,696.22,689.1,695.32,1810998
15-Oct-15,685.25,694.16,684.39,693.02,2343459
14-Oct-15,683.73,690.04,678.9,680.41,1562196
13-Oct-15,674.26,688.46,673.11,683.17,2096308
12-Oct-15,669.19,677.98,667.24,676.43,1330987
09-Oct-15,667.49,674.08,662.36,671.24,1597534
08-Oct-15,669.45,671.89,654.49,667,1961858
07-Oct-15,677.4,678.74,658.11,670,2186605
06-Oct-15,669.35,678.8,663.08,671.64,2138738
05-Oct-15,661.6,673.03,655.87,671.68,1873783
02-Oct-15,638.01,658.26,633.5,656.99,2439435
01-Oct-15,637.94,643.84,631.12,642,2125315
30-Sep-15,631.83,639.31,629.15,638.37,2647655
29-Sep-15,625.5,634.68,618.03,622.61,2106466
28-Sep-15,639.05,642.85,617.84,624.25,2382300
25-Sep-15,658.58,658.58,639.66,640.15,2423992
24-Sep-15,648.97,656.77,642.16,654.91,1934639
23-Sep-15,652.9,660.28,650.73,653.29,1457995
22-Sep-15,657.47,658.82,645.03,653.2,2718081
21-Sep-15,665.51,669,658,666.98,1954667
18-Sep-15,665.06,669.84,660.03,660.92,3627210
17-Sep-15,667.49,681.99,665,671.67,2387605
16-Sep-15,665.55,668.07,662.2,665.52,1312598
15-Sep-15,656.71,668.85,653.34,665.07,1777320
14-Sep-15,655.63,655.92,649.5,652.47,1497627
11-Sep-15,650.21,655.31,647.41,655.3,1744615
10-Sep-15,643.9,654.9,641.7,651.08,1384602
09-Sep-15,651.88,657.36,640.9,643.41,2048908
08-Sep-15,641,645.04,632.9,643.88,1954648
04-Sep-15,629.7,634.5,626.5,628.96,2024990
03-Sep-15,647.93,651.25,633.81,637.05,1728562
02-Sep-15,638,645.06,630.64,644.91,1881489
01-Sep-15,633.81,644.44,625.06,629.56,2572884
31-Aug-15,654.34,664.41,646.35,647.82,1946844
28-Aug-15,665.76,667,653.75,659.69,1941833
27-Aug-15,671.99,673.98,651.1,667.96,2948736
26-Aug-15,643.1,662.48,630.37,659.74,4386985
25-Aug-15,646.47,647,611.67,612.47,3571469
24-Aug-15,600.6,644.33,593.09,618.11,6489430
21-Aug-15,671.04,672.89,643.1,644.03,4593970
20-Aug-15,689.1,696.16,675.28,679.48,2889877
19-Aug-15,690.11,700.2,686.8,694.04,2509697
18-Aug-15,691.07,695.76,685.32,688.73,1385544
17-Aug-15,688.04,694.74,683.06,694.11,1233951
14-Aug-15,684.04,692.26,682.9,689.37,1379855
13-Aug-15,689.2,694.03,682.18,686.51,1817748
12-Aug-15,694.49,696,680.51,691.47,2932328
11-Aug-15,699.58,704,684.32,690.3,5494011
10-Aug-15,667.09,671.62,660.23,663.14,1722915
07-Aug-15,667.78,668.8,658.87,664.39,1377152
06-Aug-15,673.99,674.75,660.73,670.15,2032984
05-Aug-15,665.75,679.91,665.58,673.29,1822387
04-Aug-15,664.34,668,660.51,661.28,1309410
03-Aug-15,657.66,666.67,657.66,664.72,1567407
31-Jul-15,664.7,665,657.2,657.5,1746094
30-Jul-15,657.44,668.05,651.69,664.56,1980345
29-Jul-15,662.26,663.33,652.84,661.43,1837805
28-Jul-15,661.76,664.1,653.41,659.66,1718193
27-Jul-15,651.57,667.07,651.55,658.27,2919110
24-Jul-15,676.77,677.79,653.18,654.77,4131137
23-Jul-15,691.85,696.07,671.59,674.73,3811598
22-Jul-15,694.02,713.33,691.62,695.1,4154987
21-Jul-15,684.88,705.6,684.15,695.35,3780230
20-Jul-15,688.98,697.8,681.77,692.84,5121752
17-Jul-15,680,703,678,699.62,12858136
16-Jul-15,589.5,604.5,587.92,601.78,5632054
15-Jul-15,583.74,588.69,580.21,583.96,2073330
14-Jul-15,574.5,589.71,574.17,584.18,3741583
13-Jul-15,559.51,572.85,558.7,571.73,2089641
10-Jul-15,553.71,559.29,552,556.11,2171750
09-Jul-15,548.65,548.88,544.62,544.65,1488324
08-Jul-15,545.6,548.28,541.2,541.7,1383065
07-Jul-15,547.43,551,539.85,550.03,1679759
06-Jul-15,542.25,548.58,542.1,545.62,1280687
02-Jul-15,544.74,548,543.57,547.34,1406213
01-Jul-15,543.66,545.81,539.76,543.3,1537973
30-Jun-15,545.09,545.9,539.54,540.04,1725464
29-Jun-15,546.75,550.9,540.24,541.25,1887816
26-Jun-15,559.71,560,551.85,553.06,2183753
25-Jun-15,560.3,563.14,557.46,557.95,1335270
24-Jun-15,562.48,562.64,556.81,558.57,1446156
23-Jun-15,559.79,564.9,557.15,563.39,1569808
22-Jun-15,559.41,565.61,558.91,559.68,1737569
19-Jun-15,556.52,557.91,552.26,557.52,2964489
18-Jun-15,548,557.25,548,556.18,2059603
17-Jun-15,545.42,548.36,541.81,546.6,1222049
16-Jun-15,544.48,546.69,541.57,544.87,1626349
15-Jun-15,542.73,544.05,539.21,543,1357481
12-Jun-15,547.15,548.85,545.63,547.47,1273383
11-Jun-15,554.49,554.83,549.17,550.04,1293560
10-Jun-15,545.7,554.78,545.11,552.6,1515805
09-Jun-15,543.42,544.84,538.85,542.16,1500846
08-Jun-15,549.61,549.87,542.95,543.48,1366816
05-Jun-15,552,553.33,547.38,549.53,1219841
04-Jun-15,552.18,555.96,549.12,551.69,1343317
03-Jun-15,555.1,557.99,552.15,555.29,1335479
02-Jun-15,547.43,558.79,546.55,553.95,1592828
01-Jun-15,548.73,550.57,543.58,549.21,1660500
29-May-15,553.2,553.94,545.04,545.32,2172282
28-May-15,553.79,555.76,550.8,554.18,1177318
27-May-15,548.68,555.29,546.58,554.25,1742237
26-May-15,552.58,553.33,542.97,547.19,1873709
22-May-15,554.46,558.24,553.62,554.52,1213288
21-May-15,550.2,557.61,549.3,556.81,1708512
20-May-15,550.92,556.06,545.1,552.51,1541962
19-May-15,548,553.4,547.12,549.28,2356274
18-May-15,543.82,548.34,542.25,546.67,1335256
15-May-15,550.39,550.6,542.5,546.49,1671977
14-May-15,543.97,549.69,542.5,549.2,1586833
13-May-15,540.47,543.84,538.98,539.49,1211920
12-May-15,542.81,542.96,535,538.73,1764123
11-May-15,548.49,553.37,545.6,545.78,1092923
08-May-15,548.87,552.8,548.03,548.95,1411264
07-May-15,535.9,545.2,533.45,542.04,1592220
06-May-15,542.64,543.93,532.24,535.08,1951728
05-May-15,550.16,552.61,542.37,543.04,1426417
04-May-15,550.99,556.69,547.39,552.84,1762952
01-May-15,550.51,551.22,543.85,551.16,1828566
30-Apr-15,558.56,561.11,546.72,548.77,2362024
29-Apr-15,560.51,565.84,559,561.39,1681064
28-Apr-15,564.32,567.83,560.96,564.37,1859787
27-Apr-15,572.77,575.52,562.3,566.12,2403105
24-Apr-15,580.05,584.7,568.35,573.66,4608403
23-Apr-15,550.41,561.17,550.08,557.46,3909155
22-Apr-15,543.06,551,541.32,549.18,1590320
21-Apr-15,546.31,547.77,542.21,542.92,1456387
20-Apr-15,533.75,545.8,533.35,544.53,1926064
17-Apr-15,537.31,539.8,529,532.74,2461698
16-Apr-15,538.35,545.23,538.1,543.52,1586088
15-Apr-15,537.96,543.19,532.37,541.04,2348087
14-Apr-15,546.57,546.57,535.74,539.78,2360329
13-Apr-15,547.05,553.27,546.3,548.64,1466277
10-Apr-15,549.57,549.85,544.98,548.54,1305219
09-Apr-15,549.21,549.37,541.95,548.02,1618299
08-Apr-15,546,551.5,546,548.84,1419316
07-Apr-15,544.99,550.16,543.58,544.86,1365916
06-Apr-15,538.84,545.54,535.7,543.95,1685894
02-Apr-15,547.41,548,540.44,541.31,2388019
01-Apr-15,554.83,558.5,546.03,549.49,1945090
31-Mar-15,557.94,562.45,554.67,554.7,1746622
30-Mar-15,560.25,562.16,556.79,561.14,1239350
27-Mar-15,561.83,564.07,556.93,557.55,1727629
26-Mar-15,564.65,567.19,558.31,563.64,2492141
25-Mar-15,577.57,580.07,567,567,2653451
24-Mar-15,568.54,581.88,568.09,577.54,3957844
23-Mar-15,566,569.64,563.06,565.37,1511686
20-Mar-15,566.71,567.1,564.48,564.95,2216038
19-Mar-15,564.52,566.96,562.12,563.67,1232969
18-Mar-15,557.73,566.51,553.5,566.16,1766221
17-Mar-15,558.29,560.64,554.41,557.61,1444560
16-Mar-15,556.93,563.75,551.32,561.64,1842754
13-Mar-15,559.23,564.36,550.33,553,1771354
12-Mar-15,558.48,561.84,555.53,561.17,1780057
11-Mar-15,559.8,564.18,555.41,555.69,2026158
10-Mar-15,568.48,569.76,559.82,559.85,2004024
09-Mar-15,570.92,575.45,569.05,574.1,1174244
06-Mar-15,582,582.78,572.06,572.9,1879619
05-Mar-15,579.62,583.2,578.23,581.44,1795889
04-Mar-15,576.97,581.63,572.52,578.33,1898150
03-Mar-15,576.35,580.85,570.5,578.8,2526280
02-Mar-15,567,575.99,563.15,575.02,2520304
27-Feb-15,558.15,569.42,557.03,562.63,3416445
26-Feb-15,545.74,560.13,545.09,559.29,2701584
25-Feb-15,538.44,549.57,538.01,547.33,2041827
24-Feb-15,531.55,539.4,531,538.65,1421373
23-Feb-15,539,539.3,532,535,1645276
20-Feb-15,547.58,547.58,538.1,541.8,1911732
19-Feb-15,542.47,546.86,540.75,546.45,1541669
18-Feb-15,543.82,547.55,539.55,542.65,1558153
17-Feb-15,551.16,553,543.26,545.01,1958679
13-Feb-15,547.51,552.54,546.6,551.16,2369115
12-Feb-15,539.66,548.34,537,546.01,2429520
11-Feb-15,539.73,541.95,536,538,1915336
10-Feb-15,532.15,541,529.17,540.16,2371468
09-Feb-15,531.06,533.88,527.55,529.28,1515687
06-Feb-15,531.01,540.22,528.65,533.88,2146922
05-Feb-15,527.93,530.69,525.64,529.83,1658751
04-Feb-15,533.14,536.75,525.03,526.1,1694832
03-Feb-15,529.94,537.45,526.81,533.3,2353096
02-Feb-15,534.32,536.5,521.72,532.2,3768861
30-Jan-15,519,543.1,518.18,537.55,6055445
29-Jan-15,512.9,515.19,503.48,513.23,3950857
28-Jan-15,525,525.69,512.35,512.43,1791077
27-Jan-15,531.4,532.78,520.86,521.19,1957440
26-Jan-15,541.5,541.5,532.07,536.72,1546563
23-Jan-15,538.03,545.41,535.75,541.95,2298290
22-Jan-15,523,538.84,521.91,537.3,2803401
21-Jan-15,510.84,521.85,509.59,520.39,2317789
20-Jan-15,512.77,515.61,509.37,509.94,2343612
16-Jan-15,503.15,510.85,503.09,510.46,2482858
15-Jan-15,508.89,509.75,502.01,504.01,2556682
14-Jan-15,500.42,508.26,498.16,505.93,2639959
13-Jan-15,502.57,508.6,497.26,501.8,3050295
12-Jan-15,499.24,500.28,490.91,497.06,2856938
09-Jan-15,508.18,508.6,498.65,500.72,2100024
08-Jan-15,501.51,507.5,495.02,506.91,3662224
07-Jan-15,510.95,511.49,503.65,505.15,2345875
06-Jan-15,520.5,521.21,505.55,506.64,2731813
05-Jan-15,527.15,527.99,517.75,519.46,2059119
02-Jan-15,532.6,535.8,527.88,529.55,1327870
31-Dec-14,537.74,538.4,530.2,530.66,1236445
30-Dec-14,534.96,537.84,533.61,535.28,1048631
29-Dec-14,540.5,543.93,537.16,537.31,2218632
26-Dec-14,536.93,543.25,535.49,541.52,1113464
24-Dec-14,538.82,540.29,535.1,536.93,737848
23-Dec-14,534.51,542.3,533.72,538.77,2877222
22-Dec-14,520.61,532.97,520.59,532.3,3319461
19-Dec-14,516.99,520.81,508.86,520.04,4872059
18-Dec-14,515.99,516.25,506.56,514.62,3876732
17-Dec-14,499.86,509.07,499.11,506.45,3639437
16-Dec-14,513.6,515.58,497.19,498.16,4349882
15-Dec-14,523.76,525.37,515.4,515.84,2621977
12-Dec-14,527.44,532.24,521.46,521.51,2371543
11-Dec-14,530.01,537.04,529.16,532.11,2073290
10-Dec-14,535.9,539.36,527.49,528.04,2316204
09-Dec-14,525.88,536.65,523.41,536.11,2168813
08-Dec-14,529.22,533.82,527,530.73,3231818
05-Dec-14,536.7,538.2,527.26,528.08,3070118
04-Dec-14,537.64,542.69,534.89,542.58,1633688
03-Dec-14,537.5,541.4,535.21,536.97,1623977
02-Dec-14,539.45,541.85,534.66,538.59,2073974
01-Dec-14,545.09,548.79,538.62,539.65,1994399
28-Nov-14,547,549.6,544.48,549.08,1210061
26-Nov-14,549.23,549.88,545.23,547.73,1480294
25-Nov-14,547.21,552.5,546.91,549.23,1903589
24-Nov-14,546.57,551.19,544.15,547.48,1653773
21-Nov-14,551.04,551.04,545,545.89,2505988
20-Nov-14,542.09,545.38,541.5,543.76,1750758
19-Nov-14,544.75,548.22,539.19,547.2,1517286
18-Nov-14,547.93,552.79,543.8,544.51,1822166
17-Nov-14,555.19,555.19,544.44,546.64,1680621
14-Nov-14,558,558,552.51,555.19,1425060
13-Nov-14,560.81,560.82,554.09,556.44,1510989
12-Nov-14,561.15,561.25,555.5,558.25,1094114
11-Nov-14,558.52,562.5,556.24,561.29,1100179
10-Nov-14,552.4,560.63,551.62,558.23,1304481
07-Nov-14,555.6,555.6,549.35,551.82,1589131
06-Nov-14,555.5,556.8,550.58,551.69,1650721
05-Nov-14,566.79,566.9,554.15,555.95,1645264
04-Nov-14,561.16,564.79,558.3,564.19,1386509
03-Nov-14,563.53,567.15,561.63,563.77,1544338
31-Oct-14,568.3,568.73,564.81,567.87,2341539
30-Oct-14,558.25,562.5,552.13,560.27,1612469
29-Oct-14,560.85,564.97,555.98,558.45,2053355
28-Oct-14,551.71,559.2,550.43,558.94,1739666
27-Oct-14,547.76,554,547.2,549.88,1598409
24-Oct-14,554.98,555,545.16,548.9,2175767
23-Oct-14,548.28,557.4,545.5,553.65,2153678
22-Oct-14,541.05,550.76,540.23,542.69,2974550
21-Oct-14,537.27,538.77,530.2,538.03,2460140
20-Oct-14,520.45,533.16,519.14,532.38,2749830
17-Oct-14,540.45,543.45,518.41,522.97,5998740
16-Oct-14,527,540.99,524.95,536.92,3805046
15-Oct-14,542.08,543.92,528.42,540.73,3836222
14-Oct-14,550.14,558.63,544.5,548.69,2610033
13-Oct-14,555.13,560.88,544.43,544.75,2756508
10-Oct-14,567.47,575.23,555.01,555.19,2979673
09-Oct-14,581.61,582.53,569.03,570.81,2413453
08-Oct-14,574.79,584.69,567.64,583.74,2210360
07-Oct-14,584.9,585.85,574.1,574.1,1546228
06-Oct-14,589.95,592.4,585.4,587.78,1286130
03-Oct-14,584.1,588.29,583.5,586.25,1214593
02-Oct-14,578,583.24,574.05,580.88,1536935
01-Oct-14,586.8,588.72,578.02,579.63,1449686
30-Sep-14,587.49,591,584.5,588.41,1571688
29-Sep-14,581.83,589.31,581.57,587.81,1144982
26-Sep-14,585.93,589.57,585,587.9,1289090
25-Sep-14,596.99,598.07,584.74,585.25,1676485
24-Sep-14,591.57,600.11,590.3,598.42,1760953
23-Sep-14,595,596.65,590.24,591.18,1405078
22-Sep-14,602.5,603.8,593.12,597.27,1785101
19-Sep-14,599.49,605.4,597.76,605.4,4194630
18-Sep-14,595.05,597.56,593.02,597.27,1494467
17-Sep-14,589.51,596.07,587.12,593.29,1720921
16-Sep-14,580.95,590.15,580.95,588.78,1581589
15-Sep-14,582.24,583.92,577.01,581.64,1550110
12-Sep-14,590.39,591.48,583.28,584.9,1852271
11-Sep-14,590,591.94,586.04,591.11,1501451
10-Sep-14,591.74,593.72,587.14,593.42,1160291
09-Sep-14,600.27,600.6,590.48,591.97,1574573
08-Sep-14,599.14,603.52,598.02,601.63,1601244
05-Sep-14,595.13,598.5,593.55,597.78,1799855
04-Sep-14,592.13,598,590.6,593.14,1634585
03-Sep-14,591.73,594.49,586.5,589.52,1579779
02-Sep-14,582.95,589.3,582.4,588.63,1585277
29-Aug-14,582.35,582.9,578.24,582.36,1206884
28-Aug-14,580.02,584.71,577.88,580.32,1405950
27-Aug-14,587.81,589.37,580.9,583,1368766
26-Aug-14,592,592.05,587.45,588.12,1471953
25-Aug-14,594.77,595.58,589.26,590.57,1298049
22-Aug-14,593.27,594.99,589.8,592.54,877464
21-Aug-14,594.9,595.25,591.1,592.42,1133593
20-Aug-14,596.95,596.99,593,595.41,968617
19-Aug-14,595.59,597.81,594.44,597.11,1045258
18-Aug-14,587.1,595.05,586.55,592.7,1470756
15-Aug-14,587.5,589.47,580.76,583.71,1725358
14-Aug-14,586.69,587.8,580.92,584.65,1272879
13-Aug-14,576.45,586.12,575.2,584.56,1903282
12-Aug-14,575,575.9,569.91,572.12,1394939
11-Aug-14,579,579.69,575.3,577.25,1203357
08-Aug-14,572.02,579.56,569.02,577.94,1495022
07-Aug-14,576.05,578.31,569.43,571.81,1163027
06-Aug-14,569.5,578.64,567.45,574.49,1322878
05-Aug-14,579.38,580.2,570.31,573.14,1651342
04-Aug-14,576.51,583.82,572.26,582.27,1524818
01-Aug-14,578.56,583.43,570.3,573.6,2213790
31-Jul-14,588.96,591.99,577.68,579.55,2310471
30-Jul-14,595.81,598.45,592.7,595.44,1215576
29-Jul-14,597.7,598.49,592.17,593.95,1366729
28-Jul-14,597.75,601.1,592.59,599.02,1358071
25-Jul-14,599.25,601,595.75,598.08,1361911
24-Jul-14,605.53,608.91,601,603.01,1355974
23-Jul-14,602.05,607.05,601.35,605.19,1106136
22-Jul-14,599.7,608.89,599.26,603.57,1881665
21-Jul-14,601.35,604.16,594.45,598.44,2240111
18-Jul-14,603.01,606.7,590.92,605.11,4874260
17-Jul-14,588.97,589.5,576.85,580.82,2941648
16-Jul-14,596.89,597,590.25,590.62,1442211
15-Jul-14,595.15,595.3,585.31,593.06,1673979
14-Jul-14,590.6,594.86,586.69,594.26,1954612
11-Jul-14,581,588.23,580.58,586.65,1514265
10-Jul-14,573,585.25,572.1,580.04,1436326
09-Jul-14,578.95,584.1,577,583.36,1373056
08-Jul-14,586.36,587.97,574,578.4,2129924
07-Jul-14,593.51,595.64,587.94,590.76,1337088
03-Jul-14,591.7,594.25,589,593.08,898852
02-Jul-14,592.26,594.15,589.11,590.78,1197005
01-Jul-14,587.65,593.66,586.29,591.49,1644628
30-Jun-14,586.76,587.71,583.29,584.67,1479411
27-Jun-14,585.45,587.88,582.62,585.69,2022118
26-Jun-14,589.3,589.6,579.6,584.77,2012360
25-Jun-14,573.55,587.3,573.26,585.93,2114743
24-Jun-14,574.22,582.25,569.16,572.54,2844325
23-Jun-14,564.35,574.44,563.5,574.29,1724098
20-Jun-14,566.45,566.77,559.37,566.52,3162147
19-Jun-14,561.15,565,556.67,564.99,2630539
18-Jun-14,552.8,561.4,551.58,560.66,2060681
17-Jun-14,552.36,553.74,547.47,550.62,1481669
16-Jun-14,557.25,557.99,550,552.3,1971842
13-Jun-14,560.08,560.65,553.72,560.35,1353343
12-Jun-14,567,567,557.15,559.5,1549487
11-Jun-14,565.92,568.97,563.68,567.5,1129173
10-Jun-14,568.78,572,566.13,568.3,1485115
09-Jun-14,566.75,572,565.22,570.73,1529959
06-Jun-14,568.16,568.8,559.58,566.03,1740934
05-Jun-14,557.11,565,555.05,564.93,1796370
04-Jun-14,551.52,558.58,548.56,553.76,1729192
03-Jun-14,560.9,562.4,552.53,554.51,2031647
02-Jun-14,569.75,570.41,556.7,564.34,1663640
30-May-14,571.64,572.58,565.79,571.65,1871737
29-May-14,573.39,573.48,568.45,570.56,1411296
28-May-14,574.57,577.66,569.95,570.45,1581576
27-May-14,567.78,574.87,564.15,574.87,2191828
23-May-14,558.13,565,554.17,563.8,2672674
22-May-14,552.2,557.96,551,555.45,2149757
21-May-14,542.9,549.75,542.11,549.7,1564854
20-May-14,540,546.35,536.57,540.39,2425292
19-May-14,528.88,539.35,525.66,538.83,1977885
16-May-14,529.6,530.84,523.57,528.3,1907733
15-May-14,533.14,534,525.31,529.12,1833044
14-May-14,541.82,541.82,533.11,534.41,1281148
13-May-14,539.58,543.99,537.9,541.54,2011963
12-May-14,531.84,538.75,527.51,538.43,1949291
09-May-14,518.65,527.35,514.28,526.62,2261447
08-May-14,515.72,527.35,514.46,520.17,2452197
07-May-14,523.25,524.43,511.09,518,3074346
06-May-14,533.41,534.55,522.26,522.57,1835318
05-May-14,530.24,535.72,527.58,535.33,1228797
02-May-14,541.44,542.4,533.27,533.87,1781595
01-May-14,534.25,539.91,532.86,538.53,2004375
30-Apr-14,535.12,536.34,529.09,534.88,2038658
29-Apr-14,523.89,537.76,523,536.33,2535967
28-Apr-14,525.8,525.9,511,522.98,3752779
25-Apr-14,532.26,533.86,522.5,523.1,2372604
24-Apr-14,541.69,542.5,531,534.44,2069559
23-Apr-14,543.67,544.8,528.13,537.51,1959330
22-Apr-14,536,548,536,545.5,2331121
21-Apr-14,544,544,534,539.37,2425207
17-Apr-14,556.32,557,539.4,543.34,5616862
16-Apr-14,557.7,564,553.1,563.9,4588541
15-Apr-14,551,552.89,530.64,548.7,3999843
14-Apr-14,543.66,553.02,540.52,545.2,2541398
11-Apr-14,537.94,547.59,533.4,537.76,3175460
10-Apr-14,568,568.21,545.5,546.69,3296996
09-Apr-14,565.84,567.8,555.38,567.04,3033589
08-Apr-14,545.05,559.88,544.7,557.51,3488768
07-Apr-14,544.79,549.85,530.53,540.63,3961552
04-Apr-14,578.55,579.72,544.49,545.25,5366972
03-Apr-14,573.39,588.3,566.01,571.5,4019626
02-Apr-14,571.52,572.97,562.56,568.12,2088580
01-Apr-14,560.7,569.32,559.56,568.01,2182626
31-Mar-14,565.77,568.07,556.98,557.81,1942277
28-Mar-14,560.06,567.16,559.44,560.64,2258918
27-Mar-14,565.99,566.54,551.6,557.7,3826676
26-Mar-14,581.59,586.37,566.32,566.55,2580023
25-Mar-14,583.58,585.5,574.07,579.94,2413045
24-Mar-14,592.69,593.04,573.55,579.54,3039151
21-Mar-14,603.76,605.42,591.82,592.11,3210656
20-Mar-14,600.58,605.41,598.28,599.18,1684975
19-Mar-14,606.51,606.6,597.8,600.22,1612901
18-Mar-14,597.93,606.37,597.13,606.24,1821606
17-Mar-14,590.21,599.13,589.64,596.65,2166547
14-Mar-14,591.59,596.03,586.85,586.99,2301786
13-Mar-14,604.58,605.86,592.97,595.12,2345640
12-Mar-14,598.8,604.53,592.69,604.25,1966927
11-Mar-14,607.49,607.77,598.92,600.6,1715423
10-Mar-14,608.45,609.43,602.65,606.39,1215443
07-Mar-14,614.01,614.11,606.32,608,1515510
06-Mar-14,611.75,613.69,609.91,610.42,1269591
05-Mar-14,608.13,612.15,606.31,609.74,1236190
04-Mar-14,608.11,608.61,605.35,608.06,1471031
03-Mar-14,603.98,604.52,596.67,601.95,2108720
28-Feb-14,610.78,612.71,603.71,608.43,2314596
27-Feb-14,609.8,612.73,609.11,610.22,1260794
26-Feb-14,612.61,615.05,607.49,610.7,1983804
25-Feb-14,608.58,612.86,605.82,610.61,1444180
24-Feb-14,603.28,610.69,603.15,606.86,1675461
21-Feb-14,604.51,605.54,602.02,602.5,1863155
20-Feb-14,602.17,604.05,600.71,602.66,1701894
19-Feb-14,603.25,605.22,599.35,601.77,2105697
18-Feb-14,601.31,607.04,600.6,606.05,2110730
14-Feb-14,598.4,602.8,597,602,2194330
13-Feb-14,590.97,600.55,590.42,600.55,1836921
12-Feb-14,595.09,595.59,591.28,593.94,1725673
11-Feb-14,590.68,596.53,586.69,595.69,2052813
10-Feb-14,586.49,591.79,585.09,587.05,1945639
07-Feb-14,584.4,589.54,580.86,589.31,2687308
06-Feb-14,576.14,580.66,574.35,580.56,1948254
05-Feb-14,572.26,575.96,564.57,572.17,2400619
04-Feb-14,569.56,578.08,569.07,569.65,2815737
03-Feb-14,590.19,591.45,566.57,567.28,4575602
31-Jan-14,586.26,593.86,576.14,591.08,5569794
30-Jan-14,573.07,576.82,564.19,568.26,5141107
29-Jan-14,560.12,561.44,550.26,554.01,2411641
28-Jan-14,555.72,563.44,555.52,562.07,2217723
27-Jan-14,563.61,563.81,541.68,551.17,4362978
24-Jan-14,576.08,577.35,562.06,562.48,3926347
23-Jan-14,580.58,581.83,577.76,580.63,1951643
22-Jan-14,583.89,584.53,580.01,583.09,1573846
21-Jan-14,581.05,582.58,576.23,582.43,1981099
17-Jan-14,579,580.9,572.67,575.84,2766140
16-Jan-14,575.12,579.54,574.57,578.69,1685699
15-Jan-14,577.07,578.08,572.47,574.88,1951012
14-Jan-14,569.54,576.08,564.61,575.27,2484514
13-Jan-14,563.8,574.03,559.14,562.05,2425615
10-Jan-14,570.11,570.11,561.69,565.66,2145560
09-Jan-14,572.29,572.68,563.34,565.69,2085565
08-Jan-14,573.57,574.23,567.21,571.19,2243444
07-Jan-14,563.06,570.41,561.14,570,2553999
06-Jan-14,557.06,559.99,553.77,559.22,1770782
03-Jan-14,558.06,559.02,553.02,553.05,1669229
02-Jan-14,558.29,559.43,554.68,557.12,1822719
31-Dec-13,556.68,561.06,553.68,560.92,1358300
30-Dec-13,560.73,560.81,555.06,555.28,1236709
27-Dec-13,560.56,560.7,557.03,559.76,1570140
26-Dec-13,557.56,560.06,554.9,559.29,1338507
24-Dec-13,558.04,558.18,554.6,556.48,734170
23-Dec-13,554.47,558.46,553.11,558.11,1723430
20-Dec-13,545.19,551.14,544.54,550.86,3267417
19-Dec-13,541.27,546.54,540.08,543.65,1666006
18-Dec-13,536.53,543.02,530.05,542.92,2212546
17-Dec-13,537.59,540.92,534.72,535.46,1539917
16-Dec-13,532.04,537.88,531.54,537.03,1606175
13-Dec-13,538.14,538.68,529.47,530.92,2164759
12-Dec-13,540.32,542.01,535.03,535.51,1596498
11-Dec-13,544.24,546.21,538.12,539.18,1711835
10-Dec-13,538.36,546.7,538.36,542.87,1856112
09-Dec-13,535.58,541.7,534.54,539.61,1484103
06-Dec-13,535.43,535.53,530.57,535.47,1431235
05-Dec-13,529.13,530.36,526.07,529.2,1134919
04-Dec-13,526.21,532.52,525.52,529.62,1192139
03-Dec-13,526,532.25,525.03,527.16,1678054
02-Dec-13,532.29,533.71,525.91,527.77,1375234
29-Nov-13,531.61,533.84,530.25,530.32,1192773
27-Nov-13,531.55,534.53,530.53,532.09,1123559
26-Nov-13,524.82,531.28,521.99,529.73,2287182
25-Nov-13,519.1,527.12,518.03,523.49,1613009
22-Nov-13,517.23,518.6,515.13,516.46,1254310
21-Nov-13,514.01,519.67,513.51,517.55,1092497
20-Nov-13,515.49,517.2,510.69,511.67,965535
19-Nov-13,516.38,517.89,512.04,513.12,1131619
18-Nov-13,518.39,524.89,515.14,516.29,1760249
15-Nov-13,517.95,519.52,515.67,517.3,1277772
14-Nov-13,517.48,520.39,515.69,518.13,1168469
13-Nov-13,503.88,516.94,503.75,516.75,1584004
12-Nov-13,504.35,509.29,503,506.4,1218960
11-Nov-13,505.26,508.47,504.5,505.8,1112778
08-Nov-13,504.88,509.76,504.75,508.52,1294508
07-Nov-13,511.82,512.48,504.32,504.48,1680071
06-Nov-13,513.31,514.01,508.19,511.89,914624
05-Nov-13,510.69,516.34,509.22,511.27,1181488
04-Nov-13,516.27,516.7,511.53,513.57,1139185
01-Nov-13,516.41,518.52,513.06,514.03,1283938
31-Oct-13,514.98,521.28,512.5,515.81,1640035
30-Oct-13,519.23,519.27,513.51,515.73,1327100
29-Oct-13,510.06,518.99,507.26,518.64,1608296
28-Oct-13,508.11,512.23,507,508.01,1166400
25-Oct-13,514.92,514.92,505.88,508.11,2030838
24-Oct-13,516.45,520.81,512.91,513.29,2093154
23-Oct-13,501,517.89,500.82,516.22,2667586
22-Oct-13,503,507.01,498.39,504,2211479
21-Oct-13,506.24,510.01,500.27,502.15,3633166
18-Oct-13,488.78,508.24,487.49,506.21,11584258
17-Oct-13,446.94,448.9,443.31,444.84,4256622
16-Oct-13,443.38,449.61,442.45,449.46,2011786
15-Oct-13,438.32,443.26,437.44,441.45,1594777
14-Oct-13,433.76,438.56,433.13,438.49,1243673
11-Oct-13,433.45,437.18,433.08,436.43,1408912
10-Oct-13,432.35,434.85,430.54,434.55,2258931
09-Oct-13,428.57,431.76,421.91,428.36,2653118
08-Oct-13,433.09,433.42,426.24,427.26,1945418
07-Oct-13,434.16,437.43,432.49,433.3,1294017
04-Oct-13,437.94,439.19,435.44,436.61,1358454
03-Oct-13,444.44,447.5,436.49,438.48,2119212
02-Oct-13,441.81,445.12,439.35,444.44,1496334
01-Oct-13,440.56,444.28,440.46,443.95,1685208
30-Sep-13,434.97,440.86,434.59,438.39,1723763
27-Sep-13,437.85,439.2,436.09,438.63,1258822
26-Sep-13,439.59,441.82,437.94,439.52,1260307
25-Sep-13,443.72,443.72,438.24,439.05,1654113
24-Sep-13,443.69,445.5,441.14,443.86,1486783
23-Sep-13,448.52,451.25,443.04,443.69,1778378
20-Sep-13,449.64,452.52,448.26,452.01,4348349
19-Sep-13,453.45,453.45,448.15,449.64,1598201
18-Sep-13,443.62,452.44,441.98,452.11,1937266
17-Sep-13,444.15,444.64,440.94,443.5,1260257
16-Sep-13,448.55,448.95,442.88,444.32,1341311
13-Sep-13,447.7,448.29,442.86,444.98,1326886
12-Sep-13,449.15,449.4,445.45,446.98,1095465
11-Sep-13,444.71,448.93,443.48,448.54,1610146
10-Sep-13,445.46,446.45,442.44,444.78,1287836
09-Sep-13,442.31,445.32,441.65,444.47,1235064
06-Sep-13,441.66,442.33,437.31,440.23,1561755
05-Sep-13,437.19,440.38,436.24,440.22,1292601
04-Sep-13,430.6,437.19,428.01,436.25,2041640
03-Sep-13,427.61,433.53,427.4,430.62,2047736
30-Aug-13,428.31,429.45,423.2,423.87,1861554
29-Aug-13,424.96,430.62,424.72,428.14,1478494
28-Aug-13,425.55,428.13,424.31,424.7,1330324
27-Aug-13,430.24,432.3,424.37,425.5,1734031
26-Aug-13,435.43,437.89,433.46,433.63,1056184
23-Aug-13,439.35,439.44,435.31,435.54,1077093
22-Aug-13,436.79,437.81,435.56,437.29,870491
21-Aug-13,435.76,438.89,433.68,435.1,1761596
20-Aug-13,434.61,436.49,432.2,433.14,1236259
19-Aug-13,429.28,436.44,429.15,433.26,1811425
16-Aug-13,431.07,431.65,428.7,428.88,1675387
15-Aug-13,432.65,432.89,429.43,430.26,1870812
14-Aug-13,439.62,440.56,434.01,435.34,2083229
13-Aug-13,443.86,444.69,438.54,441.07,1420462
12-Aug-13,443.89,443.94,441.27,443.2,1377354
09-Aug-13,445.73,448.21,445.44,445.65,1323761
08-Aug-13,448.19,448.37,443.09,446.78,1488045
07-Aug-13,447.97,449.67,444.99,445.77,1380382
06-Aug-13,452.8,455.31,448.31,448.73,1506475
05-Aug-13,453.15,453.22,450.05,452.95,1309921
02-Aug-13,452.17,453.95,450.86,453.74,1717765
01-Aug-13,447.95,452.73,447.95,452.56,2138314
31-Jul-13,446.94,448.7,443.53,444.32,2173446
30-Jul-13,443.17,448.25,440.88,445.91,1756116
29-Jul-13,442.89,447.86,440.89,441.58,1893042
26-Jul-13,443.94,445.44,441.44,443.12,1778244
25-Jul-13,447.38,448.87,443.48,444.29,3005227
24-Jul-13,454.08,455.61,450.8,451.9,2080778
23-Jul-13,455.81,456.96,450.23,452.35,2046745
22-Jul-13,451.45,456.79,448.95,455.81,2904179
19-Jul-13,443.75,451.93,438.24,448.75,7363398
18-Jul-13,459.95,460.46,452.05,455.8,3634430
17-Jul-13,460.96,463.89,458.61,459.73,1506168
16-Jul-13,464.03,464.45,457.41,460.26,1983527
15-Jul-13,462.61,464.46,458.64,462.81,1961361
12-Jul-13,460.46,461.96,458.08,461.96,2568942
11-Jul-13,456.96,460.87,454.71,460.58,2587845
10-Jul-13,452.18,456.02,450.64,453.45,1715973
09-Jul-13,455.96,456.93,449.44,453.07,1979338
08-Jul-13,450.06,453.59,448.99,453,1970157
05-Jul-13,445.45,448.15,444.11,447.19,1701830
03-Jul-13,440.39,445.03,439.69,443.66,1048628
02-Jul-13,445.55,445.95,439.07,441.6,1891812
01-Jul-13,443.67,446.49,442.94,444.38,1726780
28-Jun-13,437.89,441.36,437.53,440.62,2350049
27-Jun-13,439.84,442.79,438.76,438.97,1926554
26-Jun-13,437.31,439.44,435.72,437.26,1832735
25-Jun-13,439.07,440.28,432.69,433.53,2553889
24-Jun-13,436.38,438.6,432.06,435.33,3020242
21-Jun-13,444.61,445.38,436.97,440.91,3982214
20-Jun-13,447.44,450.95,442.1,442.81,3377578
19-Jun-13,451.14,455.88,449.2,450.79,2917112
18-Jun-13,444.77,450.95,444.62,450.76,2167878
17-Jun-13,440.05,445.16,439.58,443.57,2147298
14-Jun-13,440.49,442.79,437.5,437.96,2242338
13-Jun-13,434.92,440.27,433.18,438.94,2071259
12-Jun-13,443.17,443.44,435.26,436.43,2205049
11-Jun-13,442.43,443.94,440.2,440.34,1752874
10-Jun-13,441.49,445.95,440.49,445.56,2338184
07-Jun-13,435.65,440.44,433.09,440.3,2675269
06-Jun-13,432.58,433.6,424.03,432.75,2579605
05-Jun-13,431.69,435.16,428.99,430.28,2107041
04-Jun-13,434.36,435.73,427.46,429.98,1868745
03-Jun-13,432.2,437.42,427.94,434.25,2476996
31-May-13,434.49,438.94,434.19,436.04,1969857
30-May-13,435.39,439.89,433.64,435.82,2120987
29-May-13,438.29,439.43,432.58,434.59,2014246
28-May-13,442.19,446.52,440.64,441.08,2257714
24-May-13,438.07,439.85,435.94,437.1,2296760
23-May-13,438.94,445.42,437.44,441.84,2279347
22-May-13,451.73,455.11,443.88,445.15,2561294
21-May-13,454.46,456.29,449.25,453.94,1983385
20-May-13,452.95,460.76,452.95,454.72,2272942
17-May-13,455.46,457.2,450.71,455.04,2792663
16-May-13,459.96,460.45,451.46,452.39,3211738
15-May-13,448.2,458.65,447.46,458.4,3995319
14-May-13,439.19,444.79,439.01,443.99,1581296
13-May-13,439.88,441.68,437.13,439.2,1448730
10-May-13,438.09,440.71,436.52,440.56,1900717
09-May-13,435.86,440.27,434.55,436.18,2200758
08-May-13,428.93,437.38,426.88,437.25,2468403
07-May-13,431.94,432.37,425.76,429.04,1967986
06-May-13,424.55,431.36,424.55,431.21,2141834
03-May-13,418.9,423.82,418.42,423.28,2512661
02-May-13,410.46,417.69,409.93,415.22,2018546
01-May-13,412.04,412.77,408.59,410.63,1455634
30-Apr-13,409.91,414.23,409.25,412.7,2306836
29-Apr-13,402.03,411.76,401.9,409.94,2301967
26-Apr-13,404.2,404.27,398.69,401.11,2488237
25-Apr-13,408.53,408.64,404.22,404.95,1992301
24-Apr-13,404.46,409.41,404.4,407.13,1829151
23-Apr-13,400.9,408.16,400.58,404.35,2299900
22-Apr-13,400.7,402.38,387.89,400.46,2883407
19-Apr-13,384.96,402.12,383.51,400.33,5804316
18-Apr-13,393.07,393.29,381.01,383.34,3328777
17-Apr-13,393.77,395.82,389.44,391.67,2037355
16-Apr-13,393.69,398.4,392.35,397.08,1742374
15-Apr-13,393.37,398.9,388.9,391.36,2454767
12-Apr-13,396.39,396.45,391.86,395.42,1636829
11-Apr-13,396.84,396.95,392.42,395.59,2028766
10-Apr-13,391.85,396.57,388.39,395.49,1978862
09-Apr-13,388.14,392.27,386.94,389.21,2157928
08-Apr-13,389.76,390.16,384.58,387.81,2832718
05-Apr-13,393.42,393.89,388.59,391.92,3433994
04-Apr-13,402.53,403.28,396.05,397.93,2448102
03-Apr-13,407.14,407.51,400.73,403.5,1738753
02-Apr-13,402.67,407.82,402.4,406.93,2041713
01-Apr-13,397.9,401.53,397.02,401,1807580
28-Mar-13,402.4,403.09,397.05,397.49,2287712
27-Mar-13,403.74,403.9,401.07,401.73,2163295
26-Mar-13,407.16,407.41,404.3,406.62,1191912
25-Mar-13,406.61,410.02,403.81,405.22,1712684
22-Mar-13,407.78,408.03,405.22,405.56,1491678
21-Mar-13,406.05,408.87,405.33,406.04,1477590
20-Mar-13,408.82,409.16,406.13,407.76,1464122
19-Mar-13,406.03,410.03,403.63,406.07,2098176
18-Mar-13,402.9,406.79,401.14,404.3,1838552
15-Mar-13,409.66,410.56,407.08,407.56,3099791
14-Mar-13,413.91,413.91,409.1,411.18,1651111
13-Mar-13,414.36,415.76,411.57,413.07,1641413
12-Mar-13,415.77,416.36,412.25,414.22,2008979
11-Mar-13,416.26,420.27,416.17,417.83,1595678
08-Mar-13,417.67,417.88,412.94,416.18,2912283
07-Mar-13,417.45,418.73,415.2,416.71,2054238
06-Mar-13,420.93,422.42,414.82,416.11,2873998
05-Mar-13,414.88,420.5,414.86,419.72,4045034
04-Mar-13,403.05,411.83,402.9,411.16,2776185
01-Mar-13,399.3,403.97,398.47,403.5,2175425
28-Feb-13,400.95,403.9,400.92,401,2265874
27-Feb-13,397.8,402.78,395.95,400.29,2028515
26-Feb-13,397.9,398.37,392.59,395.46,2205059
25-Feb-13,401.55,404.61,395.64,395.78,2307008
22-Feb-13,400.03,401.03,397.3,400.25,2054050
21-Feb-13,399.4,403.13,396.01,398.16,3511036
20-Feb-13,403.05,404.89,396.29,396.63,2765029
19-Feb-13,398.39,403.9,398.04,403.83,2932924
15-Feb-13,394.09,397.03,393.93,396.84,2729917
14-Feb-13,390.25,394.76,389.27,394.3,1735219
13-Feb-13,390.46,393.07,390.37,391.82,1198170
12-Feb-13,391.27,394.34,390.07,390.74,1858945
11-Feb-13,389.59,391.89,387.26,391.6,2167656
08-Feb-13,390.46,393.73,390.17,393.08,3024853
07-Feb-13,385.23,389.79,383.13,387.36,2840506
06-Feb-13,379.91,386.87,379.63,385.47,2079687
05-Feb-13,380.95,385.94,380.11,383.25,1870716
04-Feb-13,384.23,385.62,379.51,379.89,3041242
01-Feb-13,379.5,388.7,379.4,388.2,3746165
31-Jan-13,375.63,379.19,375.5,378.22,1634556
30-Jan-13,377.25,380.86,376.83,377.29,1732972
29-Jan-13,373.75,378.85,373.64,377.22,1747734
28-Jan-13,376.26,378.18,374.32,375.74,1627833
25-Jan-13,375.76,379.62,375.5,377.21,2225811
24-Jan-13,370.99,378.79,370.62,377.29,3383596
23-Jan-13,368.36,374.87,368.26,371.12,5911865
22-Jan-13,352.68,353.02,348.11,351.79,3792336
18-Jan-13,355.54,356.74,351.02,352.61,3226898
17-Jan-13,359.21,360.18,355.87,356.02,2212357
16-Jan-13,361.56,362.53,357.19,357.95,2024991
15-Jan-13,360.02,367.87,356.41,362.83,3927990
14-Jan-13,368.87,371.47,361.54,361.99,2864106
11-Jan-13,371.37,371.58,368.52,370.36,1285125
10-Jan-13,371.79,372.87,367.12,371.11,1835780
09-Jan-13,366.5,369.54,364.66,369.43,2025751
08-Jan-13,368.14,368.52,362.58,367.02,1676740
07-Jan-13,368.09,370.06,365.66,367.74,1655967
04-Jan-13,365.03,371.11,364.2,369.35,2763552
03-Jan-13,362.83,366.33,360.72,362.2,2318140
02-Jan-13,360.07,363.86,358.63,361.99,2542268
31-Dec-12,350.35,355.64,348.35,354.04,1997733
28-Dec-12,351.2,353.81,350.36,350.36,1403926
27-Dec-12,353.92,354.77,349.65,353.5,1647392
26-Dec-12,354.39,356.8,351.56,354.79,1182572
24-Dec-12,357.61,357.95,354.09,355.1,841931
21-Dec-12,357.34,359.77,355.62,358.17,3527849
20-Dec-12,361.99,362.69,358.84,361.54,1657153
19-Dec-12,360.72,361.86,358.7,360.42,1919799
18-Dec-12,358.66,364.91,357.88,360.9,3005138
17-Dec-12,353.1,369.51,352.36,360.75,3036763
14-Dec-12,349.93,354.26,349.56,351.33,2130595
13-Dec-12,358.32,358.6,350.12,351.7,3446306
12-Dec-12,349.96,352.11,347.09,349.13,2426299
11-Dec-12,345.34,351.31,344.2,348.79,2687956
10-Dec-12,343.04,346.17,342.24,343.05,1366866
07-Dec-12,347.85,348.79,341.55,342.45,1919476
06-Dec-12,344.14,348.15,342.6,345.91,1462216
05-Dec-12,346.42,347.6,341.51,344.25,1862735
04-Dec-12,347.85,348.1,343.19,345.86,1991605
03-Dec-12,351.47,353.3,347.4,347.97,2193948
30-Nov-12,346,349.96,343.19,349.53,3164441
29-Nov-12,344.23,347.3,341.34,346.29,2780544
28-Nov-12,334.34,342.8,332.28,342.18,3041940
27-Nov-12,330.42,337.84,329.33,335.69,2509598
26-Nov-12,333.55,333.83,329.84,330.91,2205527
23-Nov-12,335.32,335.33,333.38,334.32,922477
21-Nov-12,334.83,335.23,330.53,333.27,2113011
20-Nov-12,335.09,339.34,332.62,335.32,2089086
19-Nov-12,328.18,334.79,328.09,334.44,2369716
16-Nov-12,323.32,326.83,318.32,323.91,3438500
15-Nov-12,325.32,330.33,322.27,323.95,1848939
14-Nov-12,330.66,331.42,325.58,326.6,1668322
13-Nov-12,331.83,334.13,329.44,329.86,1594639
12-Nov-12,332.21,335.23,330.77,333.28,1405870
09-Nov-12,327.65,334.5,325.48,331.85,3114084
08-Nov-12,335.44,336.08,325.94,326.47,2598676
07-Nov-12,337.84,339.46,333.58,333.89,2232438
06-Nov-12,343.08,343.59,339.11,341.2,1582936
05-Nov-12,342.59,343.77,338.12,341.82,1635894
02-Nov-12,347.74,348.12,344.03,344.3,2324569
01-Nov-12,340.09,345.8,339.7,344.14,2050471
31-Oct-12,340.27,340.84,337.84,340.49,1537001
26-Oct-12,338.59,341.86,335.94,337.91,1950865
25-Oct-12,340.34,341.34,337.09,339.22,2403696
24-Oct-12,343.74,343.84,337.97,338.99,2496411
23-Oct-12,336.34,344.01,336.34,340.52,2916978
22-Oct-12,340.85,342.66,335.18,339.67,4057872
19-Oct-12,353.14,353.7,336.34,341.24,11483428
18-Oct-12,378.15,380.09,338.34,347.85,12442346
17-Oct-12,372.35,378.55,370.5,378.12,2292819
16-Oct-12,370.44,373.87,368.6,372.72,2058468
15-Oct-12,371.34,372.29,365.72,370.86,3020098
12-Oct-12,376.3,377.81,372.42,372.75,2406787
11-Oct-12,376.83,379.63,375.52,376.12,2383987
10-Oct-12,371.3,374.14,369.51,372.65,2041203
09-Oct-12,380.22,381.04,371.64,372.42,3003884
08-Oct-12,380.88,382.17,377.45,379.3,1958625
05-Oct-12,385.74,387.58,382.88,384.21,2737751
04-Oct-12,381.76,385.33,380.08,384.41,2454496
03-Oct-12,378.24,382.34,376.48,381.63,2208639
02-Oct-12,382.98,383.38,375.51,378.87,2790375
01-Oct-12,379.9,382.88,378.48,381.27,3168477
28-Sep-12,377.45,380.03,375.95,377.63,2784091
27-Sep-12,380.35,381.8,376.2,378.63,3932272
26-Sep-12,375.3,381,370.87,377.11,5674334
